Headline,Timestamp
Tesla CEO Elon Musk call Swedish strikes 'insane',1700844287
"Market Rally Marches Toward 2023 Highs; Nvidia, OpenAI In Focus: Weekly Review",1700842119
"Fisker meets NYSE rules, BYD launches Han sedan in Middle East",1700840974
Elon Musk brands Sweden’s unions ‘insane’ after strikes cripple Tesla operations—but caving to any demands may open the floodgates in the U.S. and Germany,1700840674
Elon Musk to visit Israel after accusations of anti-Semitism,1700836133
"Morning Brew: iRobot Surges on Amazon Deal Approval, Tesla Eyes India Factory",1700835664
Swedish union blocks Tesla components as dispute intensifies,1700832852
Why Americans Can’t Buy Cheap Chinese Electric Vehicles,1700830800
"Elon Musk's Tesla Prepared To Invest $2B Investment In Indian Factory, Awaits Import Duty Concession For EVs",1700830140
Tesla Strike in Sweden Spreads as Elon Musk’s Aversion to Unions Bites EV Maker,1700829300
Top-level meeting at the Chancellery to provide impetus for electric cars,1700825664
Should You Buy TSLY With Its' 62% Distribution Yield?,1700824625
Top equities with the largest retail order imbalance – JPM strategy,1700822160
"Tesla ready to invest up to $2 billion to build India factory, but with riders -ET",1700821820
Should You Buy TSLY With Its 62% Distribution Yield?,1700821440
Big Players' Recent Trades in TSLA Options,1700818380
When Elon Musk Turns Up Barefoot In Your Kitchen: A Billionaire's Startling Morning,1700817720
AVLV: Add A Quality Tilt To Your Broad Market Index Funds With This Active Large Cap ETF,1700816400
Four key calls for U.S. equities in 2024 – strategists,1700814600
‘This is insane!’ Elon Musk slams Swedish strikes as industrial action against Tesla escalates,1700814060
"4 stocks to watch on Friday: Vertex Pharma, Tesla and more",1700813220
Notable open interest changes for November 24th,1700812500
Tesla (NASDAQ:TSLA) Gears Up to Enter India,1700811360
Tesla: Poised To Sustain Dominance In The EV Market,1700811000
Tesla's plans for India appear to be heating up,1700810820
A Major Market Surprise Is Likely Coming,1700809200
"Tesla makes offer to India on local factory investment, ET reports",1700803620
"Tesla ready to invest up to $2 bln to build India factory, but with riders -ET",1700803440
"From Dec. 1, citizens of five European countries and Malaysia can enter China without a visa",1700801040
Elon Musk Wants You To Try Teslas Via Hertz Despite Car Rental Company's Plan To Downsize EV Fleet,1700800080
Lansing Street Advisors Q3 2023 Letter,1700793300
Dow Jones Futures Rise: Nvidia Rival Leads 4 Stocks In Buy Zones; Tesla Move Signals Elon Musk Fallout,1700754794
PRESS DIGEST- Financial Times - Nov. 24,1700784909
News Highlights : Top Company News of the Day,1700766963
"How To Build A Dividend Portfolio Allocating $100,000 Among November's Top 20 Dividend Companies",1700762400
"Tesla strikes in Sweden are ‘insane’, says Elon Musk",1700761922
15 Stocks with Consistent Growth,1700758949
Paccar (PCAR) Up 7.9% Since Last Earnings Report: Can It Continue?,1700757050
Tesla sets date for Cybertruck event: What to know,1700751600
"'The charge state tapers off': Elon Musk told Joe Rogan how Tesla's batteries work, comparing them to 'cars in a parking lot.' Here's why you shouldn't charge your EV to 100%",1700749800
Will Eli Lilly Be Worth More Than Tesla by 2027?,1700748300
Elon Musk Calls Swedish Tesla Strikes ‘Insane’ as Impact Spreads,1700745457
"Tesla Cybertruck Crash Test Footage Leaked? Nah, It's A Viral CGI Video",1700742780
AI: The Story That Won't Go Away,1700741520
'Elon-Hater' Cybertruck? Auto Startup's $45K Knockoff Of Tesla's EV Pickup Sparks Online Laughter And Ridicule,1700740620
Key AI Debates For 2024: Nvidia Competitors Threaten Semiconductor Giant's Dominance With Custom Chips,1700740620
"3 Stocks I Bought This Thanksgiving Week, and You Should, Too",1700740200
10 Consumer Discretionary Stocks With Whale Alerts In Today's Session,1700739540
"$1000 Invested In This Stock 10 Years Ago Would Be Worth $29,000 Today",1700733900
Tesla Stock (NASDAQ:TSLA): Multiple Headwinds Could Limit Near-Term Upside,1700731320
Tesla Eyeing FSD Capability In China — Says Prep Work 'Currently Underway',1700731080
"Tesla's Elon Musk says fallout from Sweden strike ""insane""",1700720700
"US EV sales to hit record this year, but still lag China and Germany",1700719749
BUZZ Investing: U.S. Stocks Fluctuate Amid Fed Policy Predictions,1700717280
'This Is Insane:' Tesla CEO Elon Musk Outraged As Swedish Workers' Strike Threatens New Vehicle Deliveries,1700711340
"Rivian (NASDAQ:RIVN) Stock: Cheaper Than Tesla, with 10x the Upside",1700709600
EV Picks With Potential: 3 Stocks Offering More Than Just Hype,1700709060
"GM's Cruise 'Imploded' But Risked More Than Waymo Or Tesla, Says Ark Analyst — Musk Promises FSD That Will 'Far Exceed Human Safety'",1700707740
Dow Jones Futures: Nvidia Rival Leads 4 Stocks In Buy Zones; Tesla Discounts Rise In Elon Musk Fallout,1700691374
"Rivian (NASDAQ:RIVN) Stock: Cheaper Than Tesla, Offers More Upside",1700702280
"US electric vehicle sales to hit record this year, but still lag behind China and Germany",1700701919
"Elon Musk Issues Cybertruck Logistics Update, Analyst Says EV Is 'Biggest People Magnet': What We Know Ahead Of Next Week's Launch",1700701200
South Korean EV battery makers lay off workers and scale back investments in US,1700698554
Tesla Leading Global Race to Develop Sustainable EV Batteries,1700694000
"Lawsuit blaming Tesla's Autopilot for driver's death can go to trial, judge rules",1700690416
S&P 500 Gains and Losses Today: HP Optimistic on AI Computers Boosting PC Market,1700689631
XLG: A Concentrated Bet On The Magnificent Seven,1700686821
"Midday Movers: Airline Stocks Soar, Nvidia and Tesla Slump",1700676874
Elon Musk’s Social-Media Comments Spark Tesla Investor Backlash,1700675400
Tesla rival VinFast's new electric vehicle challenges Model Y,1700674380
"Lawsuit blaming Tesla's Autopilot for driver's death can go to trial, judge says",1700672940
"Tesla has a new, clever way to make charging quick and hassle-free",1700671920
Falling battery prices will accelerate EV sales: Goldman,1700671283
Tesla Has New Deals on Its Model Y. Investors Might Not Love That.,1700670900
"Tesla Inc. stock falls Wednesday, underperforms market",1700670660
The Magnificent Seven: Where Valuations Stand Now,1700668518
Tesla’s Standoff with Swedish Workers Is Escalating Dramatically,1700667793
Philippe Laffont Stock Portfolio: 10 Top Stock Picks,1700667122
Dow Jones Pares Gains As Nvidia Falls Despite Blowout Earnings; Tesla Backs Off Buy Points,1700666423
Volkswagen becomes the latest automaker to hike wages for U.S. factory workers,1700666183
Dow Jones Rises After Blowout Nvidia Earnings; Tesla Near Buy Points,1700663843
Tesla Chief Elon Musk's legal troubles mount with powerful new ruling,1700664480
Volkswagen becomes latest non-union carmaker to raise US pay,1700661625
VW becomes latest non-union carmaker to raise US pay,1700661625
Tesla Is Offering New Deals on Its Model Y. Investors Might Not Love That.,1700660340
All of Elon Musk’s top power players—and a map of his empire,1700659962
Tesla: Labor Troubles Are A Red Flag (No Pun Intended),1700659707
Ford CEO Jim Farley slashes plans for new battery cell plant in latest sign the EV sales bonanza may be over,1700658321
Rival of Tesla and BYD launches low-priced compact crossover SUV,1700658000
Why Pony.ai’s Autonomous Driving Progress Is Bad for Tesla (TSLA) Stock,1700657460
"Top gainers and laggards in S&P, DJI, and NDX Today - CNBC",1700656680
"S&P 500 Flirts With Key Resistance, VIX Drops, NVIDIA In Focus: What's Driving Markets Wednesday?",1700656560
What You Missed On Wall Street This Morning,1700655240
Cathie Wood Just Called This Company the Biggest AI Play in the World. But Does That Make the Stock a Buy?,1700654940
Is Tesla (NASDAQ:TSLA) A Risky Investment?,1700654438
"SEC Urged To Investigate Elon Musk, Neuralink Over Animal Testing, Securities Fraud",1700653320
10 Consumer Discretionary Stocks Whale Activity In Today's Session,1700653020
Short Seller Hedge Funds Rack Up $43B Loss In Recent Market Rally,1700651940
Tesla - Trapped Between Gaps,1700651400
"Market Clubhouse Morning Memo - November 22nd, 2023 (Trade Strategy For SPY, QQQ, AAPL, MSFT, NVDA, GOOGL, META, And TSLA)",1700649900
Billionaire Israel Englander Pours Millions Into 2 Top EV Stocks — Tesla and Rivian,1700649720
Elon Musk Says You Can Now Build The Original Tesla Roadster In Your Garage: 'Some Assembly Required',1700647980
Bitcoin leads slumps as large cryptocurrencies start mixed,1700647200
Congressmen ask SEC to probe Elon Musk over Neuralink comments: report,1700646840
Tesla Eyes Indian Market For Pocket-Friendly Electric Vehicle: Report,1700643480
Tesla is still hedge funds' favorite short after stock saw heavy losses in October,1700642760
Increased market concentration doesn’t necessarily mean market stress - RBC Capital Markets,1700642280
3 Global Stocks to Ride Your Way to Portfolio Growth,1700639760
Tesla is still hedge funds’ favorite short after stock saw heavy losses in October,1700639280
"SciSparc, Deere & Company, Baidu, Marathon Digital, Tesla: Why These 5 Stocks Are On Investors' Radars Today",1700639280
Wall Street Breakfast Podcast: Sam Altman Returns As OpenAI CEO With New Board,1700635480
Under Armour: Undervalued And Finally Turning Around,1700635350
Judge Rules Tesla And Musk Ignored Known Autopilot Flaw,1700631180
Tesla (NASDAQ:TSLA) Faces First Legal Setback in Autopilot Lawsuit,1700628660
Unlocking Incredible Solar Energy Potential: 3 Stocks to Invest in Now,1700626980
Tesla Drivers Beware: $1 Per Minute Congestion Fee Hits Busy Superchargers,1700626980
"GM's Cruise to scale back to one city, axes plan for shuttle, WSJ reports",1700626320
"Lawsuit blaming Tesla’s Autopilot for driver’s death can go to trial, judge rules",1700626200
What You Missed On Wall Street On Wednesday,1700623440
"Elon Musk, Tesla engineers were aware of Autopilot defect - judge",1700622180
"Tesla Wins Apology, $282 In Damages From 2021 Shanghai Auto Show Protester",1700622180
AI Heralds A Technology Paradigm Shift - But Not So Fast,1700621940
#SocialStocks: Big Tech takes hard stance against DMA,1700621100
"SpaceX plans to sell shares next month at $150B valuation, NY Post says",1700620440
"UPDATE 1-Judge finds evidence that Tesla, Musk knew about Autopilot defect",1700616265
"Judge finds evidence that Tesla, Musk knew about Autopilot defect",1700614440
Elon Musk says X will send money to hospitals in Israel and to the Red Cross in Gaza,1700612455
Musk Files Lawsuit Against Media Matters. What Happens Next.,1700586840
S&P 500 Gains and Losses Today: Lowe's Sees Sales Slump From Drop in DIY Projects,1700604756
Why Can’t Anyone But Tesla Make a Buck on EVs? Thank 20 Years of Public Policy.,1700602560
New York City investment chief calls on Tesla to sanction Musk unless he apologizes,1700601458
Tesla China Registrations Close In On Q3 Level With The Cybertruck Coming Soon,1700585895
Is Elon Musk’s Social Media Drama Hurting Tesla?,1700600400
One of Tesla's foremost bears issues bold challenge to CEO Musk,1700594760
Is The S&P 500 Broken?,1700592600
Best Inverse/Leveraged ETFs of Last Week,1700591580
Hyper-Growth Makes Nvidia Blow Past Q3 Estimates,1700588449
"Midday Movers: Best Buy and Lowe's Drop, Newmont and Freeport-McMoRan Gain",1700586743
"Tesla Inc. stock rises Tuesday, outperforms market",1700584260
Tesla Stock Is Rising. There Are Four Potential Reasons.,1700584260
Tesla Eyes Huge Unserved Car Market: India,1700582400
Should You Buy Rivian Stock Instead of Tesla?,1700579700
2 Stocks Profiting From Unstoppable Trends That Could Make You Richer,1700578800
Hedge funds crowded into bullish bets on the 'Magnificent Seven' at a record pace in 2023,1700578260
10 Best EV Battery Stocks To Buy in Late 2023,1700574168
3 Reasons Tesla Stock Could Still Make You Richer,1700568660
Trending : X Sues Media Matters Over Ad Placement Near Pro-Nazi Posts,1700564162
"Tesla’s stock rises toward a 3-day win streak, on its 2nd attempt to clear the 50-DMA",1700563440
From Energy to Retail: The Next 3 Trillion-Dollar Stocks,1700562720
Nissan Boosts US Worker Wages By 10% Following UAW Deals: Report,1700561880
"Tesla plans to deliver only 10 Cybertrucks at November event, BI reports",1700561400
Large cryptocurrencies fall as Polygon drops,1700560800
"Market Clubhouse Morning Memo - November 21st, 2023 (Trade Strategy For SPY, QQQ, AAPL, MSFT, NVDA, GOOGL, META, And TSLA)",1700560800
Stock Market Positioned For Nvidia To The Moon Earnings,1700559300
Tesla’s Market Share Plunged To New Low In Q3,1700559120
"Tesla Set To Expand Across India, Build $2B Factory, Elon Musk Expected To Visit",1700557560
RIVN Stock Alert: Rivian CEO RJ Scaringe to Directly Oversee Product Development,1700553360
Notable open interest changes for November 21st,1700553300
"How electric vehicle tax credits will work in 2024, and a list of cars that qualify",1700551140
Hedge funds plow cash into top tech stocks leading to record levels of crowding,1700550960
From Shattered Window To Production Line: Tesla Cybertruck Was Unveiled Four Years Ago Today,1700548800
Billionaire Ray Dalio Is Navigating U.S. 'Inflection Point' With These Stocks,1700547300
"UAW chief, having won concessions from strikes, aims to expand membership to nonunion automakers",1700546400
Tesla launched its own car insurance. These drivers say it's a lemon.,1700546329
Elon Musk’s X sues media watchdog group over report on Nazi content,1700545339
Tuesday Talk: Thanksgiving Week,1700545080
EU new car registrations up 14.6% in October,1700543820
Now Is Not The Time To Buy Tesla Stock,1700542800
Musk Delivers 'As Promised' With Tesla's YouTube Ads On Supercharger Network And Charging Features,1700542020
3 Electric Vehicle Stocks Revving Up for 2024,1700540220
Musk’s X Sues Media Matters Over Pro-Nazi Content Link,1700535265
Tesla Marks Biggest Jump In New Vehicle Registrations In October Amongst Automakers In EU,1700535240
"Elon Musk’s X files lawsuit against Media Matters, alleges manipulation of data on platform",1700531041
Musk's X sues media nonprofit over portrayal of site as full of anti-Semitism,1700530020
What Tesla Bulls and Bears Have to Say About EV Growth,1700525340
"BLNK, CHPT: 2 EV Stocks Wall Street Likes Better Than Tesla",1700519225
The Power Is Shifting In The EV Universe,1700518822
"Dow Jones Futures: Fed Minutes Next, While Nvidia Earnings Loom",1700516542
Tesla analyst explains why Elon Musk should abandon the Cybertruck,1700515320
"Canceling Cybertruck Would Be A 'Positive' For Tesla Stock, Analyst Says",1700514158
Musk Strategy to Contain X Anti-Semitism Fallout Is to Go ‘Thermonuclear’,1700513700
Tesla raises price of Model Y long-range in China from Nov 21,1700508541
Tesla shareholder calls on board to suspend Elon Musk for agreeing with antisemitic post,1700508526
Happy Anniversary,1700508300
"With historic new deals in hand, UAW auto union targets Tesla, other automakers",1700507280
20 Countries That Import The Most Cars In The World,1700503542
Chile Discusses IRA Benefits With US to Lure Lithium Investments,1700502258
Why Lucid Group Stock Popped This Morning,1700501108
America's Largest Pension Fund Is Buying These 2 Megacap Growth Stocks,1700500786
PCAR or TSLA: Which Is the Better Value Stock Right Now?,1700498413
"Tesla Inc. stock rises Monday, still underperforms market",1700497860
Postal workers join Sweden Tesla strike over collective wage agreement,1700493180
"Dow Jones Rises Ahead Of Fed Minutes; Nvidia, 7 Best Stocks To Buy And Watch",1700492960
Forget Tesla: Buy This Auto Stock,1700492400
OpenAI seemed invincible a week ago. Now it's vulnerable.,1700490300
GDV: Valuation Remains Attractive With Steady Monthly Paying Distribution,1700487605
Do Options Traders Know Something About Tesla (TSLA) Stock We Don't?,1700487240
Microsoft: All-Time Highs Following Sam Altman 'Acquisition',1700485835
Tesla: The Range Of Outcomes Is Narrowing; That's A Bad Thing,1700484334
"Elon Musk Survives Despite 'Ongoing Career Death Watch,' Says Management Guru: Will The Billionaire Feel The Peril Of Anti-Semitism Controversy?",1700484240
Tesla Trap,1700484060
"2024 ""Going To Be A Lot Worse"" For Markets As Tech Stocks Implode",1700482680
TSLA Stock Alert: Why Jefferies Says Tesla Should Cancel the Cybertruck,1700480940
Microsoft Makes A New Move To Dominate Artificial Intelligence,1700480940
Elon Musk Hits Back At Analyst Who Recommended Tesla Shelve Cybertruck Just Days Ahead Of Launch With A 'Clown' Emoji,1700479680
1 Wall Street Analyst Says Tesla Full Self-Driving Could Be Huge. Time to Buy the Stock?,1700476800
"Tesla, Toyota, And Subaru: If You Could Buy Only One",1700476216
3 Stock-Split Stocks Billionaires Are Buying Hand Over Fist,1700475660
Musk Defends Himself on X After Antisemitic Furor Deepens,1700452646
Most large cryptocurrencies rise as Cardano  climbs,1700474400
"Market Clubhouse Morning Memo - November 20th, 2023 (Trade Strategy For SPY, QQQ, AAPL, MSFT, GOOGL, TSLA, META, And NVDA)",1700473380
What You Missed This Week in EVs and Clean Energy,1700472840
